PRO_COM	year	patents_italy	patents_austria	patents_together_amt_italy	patents_verzeichnisse	patents_together_verz_italy
1008	1889	1	0	1	NA	1
1013	1856	1	0	1	NA	1
1013	1858	1	0	1	NA	1
1013	1911	1	0	1	NA	1
1035	1896	0	1	1	NA	0
1035	1911	1	0	1	NA	1
1045	1911	1	0	1	NA	1
1058	1896	0	1	1	NA	0
1066	1857	1	0	1	NA	1
1066	1863	1	0	1	NA	1
1066	1911	2	0	2	NA	2
1068	1888	0	1	1	NA	0
1077	1889	1	0	1	NA	1
1078	1902	2	0	2	NA	2
1078	1911	3	0	3	NA	3
1082	1895	0	1	1	NA	0
1090	1865	1	0	1	NA	1
1090	1893	0	1	1	NA	0
1098	1889	1	0	1	NA	1
1099	1911	1	0	1	NA	1
1115	1902	2	0	2	NA	2
1120	1856	1	0	1	NA	1
1120	1902	1	0	1	NA	1
1125	1857	1	0	1	NA	1
1125	1858	1	0	1	NA	1
1125	1859	1	0	1	NA	1
1125	1863	1	0	1	NA	1
1125	1878	1	0	1	NA	1
1125	1886	0	1	1	NA	0
1125	1902	2	0	2	NA	2
1125	1911	3	0	3	NA	3
1150	1911	1	0	1	NA	1
1156	1863	2	0	2	NA	2
1156	1864	1	0	1	NA	1
1156	1878	1	0	1	NA	1
1156	1911	3	0	3	NA	3
1168	1865	2	0	2	NA	2
1184	1902	1	0	1	NA	1
1188	1902	1	0	1	NA	1
1191	1855	1	0	1	NA	1
1191	1857	2	0	2	NA	2
1191	1863	1	0	1	NA	1
1191	1865	1	0	1	NA	1
1191	1866	2	0	2	NA	2
1191	1883	0	1	1	NA	0
1191	1911	3	0	3	NA	3
1194	1882	0	1	1	NA	0
1194	1883	0	1	1	NA	0
1203	1856	1	0	1	NA	1
1215	1855	1	0	1	NA	1
1216	1889	1	0	1	NA	1
1217	1865	1	0	1	NA	1
1217	1897	0	1	1	NA	0
1230	1911	1	0	1	NA	1
1231	1865	1	0	1	NA	1
1232	1902	1	0	1	NA	1
1248	1889	1	0	1	NA	1
1261	1861	1	0	1	NA	1
1265	1911	1	0	1	NA	1
1266	1902	1	0	1	NA	1
1270	1889	2	0	2	NA	2
1272	1855	38	0	38	1	39
1272	1856	64	2	66	8	72
1272	1857	53	0	53	7	60
1272	1858	48	0	48	6	54
1272	1859	21	0	21	7	28
1272	1860	19	0	19	NA	19
1272	1861	28	1	29	1	29
1272	1862	27	0	27	NA	27
1272	1863	24	0	24	NA	24
1272	1864	42	0	42	NA	42
1272	1865	44	1	45	3	47
1272	1866	31	1	32	3	34
1272	1867	28	2	30	2	30
1272	1868	0	2	2	2	2
1272	1869	0	2	2	NA	0
1272	1870	0	2	2	NA	0
1272	1873	0	1	1	NA	0
1272	1874	0	3	3	NA	0
1272	1875	0	3	3	NA	0
1272	1876	0	1	1	NA	0
1272	1877	0	1	1	NA	0
1272	1878	34	0	34	NA	34
1272	1879	0	4	4	NA	0
1272	1880	0	4	4	NA	0
1272	1881	0	1	1	NA	0
1272	1883	0	6	6	NA	0
1272	1884	0	4	4	NA	0
1272	1885	0	2	2	NA	0
1272	1886	0	2	2	NA	0
1272	1887	0	3	3	NA	0
1272	1888	0	4	4	NA	0
1272	1889	86	8	94	NA	86
1272	1890	0	7	7	NA	0
1272	1891	0	4	4	NA	0
1272	1892	0	6	6	NA	0
1272	1893	0	7	7	NA	0
1272	1894	0	4	4	NA	0
1272	1895	0	9	9	NA	0
1272	1896	0	2	2	NA	0
1272	1897	0	11	11	NA	0
1272	1898	0	12	12	NA	0
1272	1899	0	3	3	NA	0
1272	1902	133	0	133	NA	133
1272	1911	261	0	261	NA	261
1278	1902	1	0	1	NA	1
1297	1859	1	0	1	NA	1
1307	1911	2	0	2	NA	2
2012	1856	1	0	1	NA	1
2012	1858	1	0	1	NA	1
2012	1866	1	0	1	NA	1
2012	1867	2	0	2	NA	2
2012	1878	1	0	1	NA	1
2012	1880	0	1	1	NA	0
2012	1889	1	0	1	NA	1
2012	1902	4	0	4	NA	4
2012	1911	5	0	5	NA	5
2013	1858	1	0	1	NA	1
2016	1861	1	0	1	NA	1
2016	1902	1	0	1	NA	1
2017	1863	1	0	1	NA	1
2044	1857	1	0	1	NA	1
2070	1859	1	0	1	NA	1
2081	1889	1	0	1	NA	1
2086	1891	0	1	1	NA	0
2099	1862	1	0	1	NA	1
2128	1911	2	0	2	NA	2
2130	1902	1	0	1	NA	1
2139	1902	1	0	1	NA	1
2139	1911	1	0	1	NA	1
2156	1855	1	0	1	NA	1
2156	1858	1	0	1	NA	1
2156	1861	1	0	1	NA	1
2156	1878	1	0	1	NA	1
2158	1855	1	0	1	NA	1
2158	1856	1	0	1	NA	1
2158	1860	1	0	1	NA	1
2158	1861	1	0	1	NA	1
2158	1899	0	1	1	NA	0
2158	1902	1	0	1	NA	1
2158	1911	5	0	5	NA	5
3002	1864	1	0	1	NA	1
3008	1860	1	0	1	NA	1
3008	1861	1	0	1	NA	1
3008	1863	2	0	2	NA	2
3008	1864	1	0	1	NA	1
3008	1902	1	0	1	NA	1
3021	1864	0	1	1	NA	0
3023	1902	1	0	1	NA	1
3024	1889	1	0	1	NA	1
3027	1911	1	0	1	NA	1
3056	1902	1	0	1	NA	1
3061	1865	1	0	1	NA	1
3068	1866	1	0	1	NA	1
3068	1902	2	0	2	NA	2
3073	1857	1	0	1	NA	1
3076	1860	2	0	2	NA	2
3079	1856	1	0	1	NA	1
3079	1862	2	0	2	NA	2
3084	1856	1	0	1	NA	1
3084	1889	0	1	1	NA	0
3095	1878	1	0	1	NA	1
3095	1902	1	0	1	NA	1
3095	1911	1	0	1	NA	1
3106	1855	1	0	1	NA	1
3106	1856	2	0	2	NA	2
3106	1857	1	0	1	NA	1
3106	1858	1	0	1	NA	1
3106	1859	1	0	1	NA	1
3106	1867	1	0	1	NA	1
3106	1888	0	1	1	NA	0
3106	1889	5	0	5	NA	5
3106	1902	8	0	8	NA	8
3106	1911	3	0	3	NA	3
3108	1858	1	0	1	NA	1
3110	1864	1	0	1	NA	1
3110	1902	2	0	2	NA	2
3110	1911	1	0	1	NA	1
3117	1878	1	0	1	NA	1
3130	1911	1	0	1	NA	1
3136	1858	1	0	1	NA	1
3136	1859	1	0	1	NA	1
3142	1889	1	0	1	NA	1
3155	1911	1	0	1	NA	1
3156	1855	1	0	1	NA	1
3156	1857	1	0	1	NA	1
3156	1860	1	0	1	NA	1
3156	1862	1	0	1	NA	1
3156	1867	1	0	1	NA	1
3156	1878	2	0	2	NA	2
3156	1902	6	0	6	NA	6
3156	1911	5	0	5	NA	5
3162	1902	1	0	1	NA	1
4003	1870	0	2	2	NA	0
4003	1889	1	0	1	NA	1
4014	1911	1	0	1	NA	1
4017	1902	1	0	1	NA	1
4025	1859	1	0	1	NA	1
4025	1862	1	0	1	NA	1
4029	1855	1	0	1	NA	1
4029	1902	4	0	4	NA	4
4029	1911	1	0	1	NA	1
4043	1864	1	0	1	NA	1
4066	1857	1	0	1	NA	1
4067	1867	1	0	1	NA	1
4078	1856	1	0	1	NA	1
4078	1867	1	0	1	NA	1
4078	1889	1	0	1	NA	1
4078	1911	1	0	1	NA	1
4089	1855	1	0	1	NA	1
4128	1867	1	0	1	NA	1
4130	1857	2	0	2	NA	2
4130	1858	1	0	1	NA	1
4130	1859	1	0	1	NA	1
4130	1860	1	0	1	NA	1
4130	1867	1	0	1	NA	1
4130	1889	1	0	1	NA	1
4130	1902	2	0	2	NA	2
4132	1857	1	0	1	NA	1
4144	1911	1	0	1	NA	1
4160	1860	1	0	1	NA	1
4160	1862	1	0	1	NA	1
4165	1889	1	0	1	NA	1
4165	1902	1	0	1	NA	1
4179	1856	1	0	1	NA	1
4203	1856	1	0	1	NA	1
4203	1902	1	0	1	NA	1
4205	1856	1	0	1	NA	1
4215	1858	1	0	1	NA	1
4215	1866	1	0	1	NA	1
4215	1899	0	1	1	NA	0
4232	1911	1	0	1	NA	1
4238	1855	1	0	1	NA	1
4238	1856	1	0	1	NA	1
4238	1857	2	0	2	NA	2
4240	1861	1	0	1	NA	1
4240	1886	0	1	1	NA	0
4244	1911	1	0	1	NA	1
5003	1898	0	1	1	NA	0
5003	1902	1	0	1	NA	1
5005	1856	1	0	1	1	2
5005	1857	1	0	1	NA	1
5005	1859	1	0	1	NA	1
5005	1878	2	0	2	NA	2
5005	1885	0	1	1	NA	0
5005	1889	2	0	2	NA	2
5005	1911	2	0	2	NA	2
5014	1895	0	1	1	NA	0
5017	1902	1	0	1	NA	1
5020	1911	1	0	1	NA	1
5069	1856	1	0	1	NA	1
5113	1860	1	0	1	NA	1
5113	1861	1	0	1	NA	1
5118	1911	1	0	1	NA	1
6001	1911	2	0	2	NA	2
6003	1855	1	0	1	NA	1
6003	1856	1	0	1	NA	1
6003	1857	2	0	2	NA	2
6003	1859	1	0	1	NA	1
6003	1861	1	0	1	NA	1
6003	1864	1	0	1	NA	1
6003	1865	1	0	1	NA	1
6003	1866	1	0	1	NA	1
6003	1867	2	0	2	NA	2
6003	1889	4	0	4	NA	4
6003	1902	4	0	4	NA	4
6003	1911	5	0	5	NA	5
6009	1899	0	1	1	NA	0
6021	1911	1	0	1	NA	1
6039	1878	1	0	1	NA	1
6039	1889	7	0	7	NA	7
6039	1891	0	1	1	NA	0
6039	1902	1	0	1	NA	1
6039	1911	5	0	5	NA	5
6043	1855	1	0	1	NA	1
6081	1864	1	0	1	NA	1
6114	1862	1	0	1	NA	1
6114	1864	1	0	1	NA	1
6114	1865	1	0	1	NA	1
6114	1866	1	0	1	NA	1
6114	1878	1	0	1	NA	1
6114	1911	7	0	7	NA	7
6121	1866	1	0	1	NA	1
6123	1889	1	0	1	NA	1
6128	1856	1	0	1	NA	1
6138	1902	1	0	1	NA	1
6138	1911	1	0	1	NA	1
6160	1878	1	0	1	NA	1
6163	1855	2	0	2	NA	2
6174	1865	1	0	1	NA	1
6174	1911	4	0	4	NA	4
6177	1856	1	0	1	NA	1
6181	1911	1	0	1	NA	1
7003	1857	1	0	1	1	2
7003	1911	3	0	3	NA	3
7063	1871	0	1	1	NA	0
8008	1889	1	0	1	NA	1
8008	1902	1	0	1	NA	1
8008	1911	3	0	3	NA	3
8026	1860	1	0	1	NA	1
8027	1878	1	0	1	NA	1
8029	1890	0	1	1	NA	0
8030	1911	1	0	1	NA	1
8031	1862	1	0	1	NA	1
8031	1865	1	0	1	NA	1
8031	1889	2	0	2	NA	2
8031	1902	3	0	3	NA	3
8031	1911	2	0	2	NA	2
8038	1911	1	0	1	NA	1
8045	1867	1	0	1	NA	1
8050	1911	1	0	1	NA	1
8055	1902	1	0	1	NA	1
8059	1863	1	0	1	NA	1
8065	1878	1	0	1	NA	1
8065	1911	2	0	2	NA	2
9005	1855	1	0	1	NA	1
9056	1858	2	0	2	NA	2
9056	1864	1	0	1	NA	1
9056	1866	1	0	1	NA	1
9056	1867	2	0	2	NA	2
9056	1878	2	0	2	NA	2
9056	1888	0	1	1	NA	0
9056	1895	0	1	1	NA	0
9056	1902	4	0	4	NA	4
9056	1911	3	0	3	NA	3
9064	1902	1	0	1	NA	1
9064	1911	8	0	8	NA	8
9065	1857	1	0	1	NA	1
10006	1902	1	0	1	NA	1
10007	1878	1	0	1	NA	1
10013	1902	1	0	1	NA	1
10015	1856	2	0	2	NA	2
10015	1857	1	0	1	NA	1
10015	1911	1	0	1	NA	1
10017	1911	1	0	1	NA	1
10025	1855	7	0	7	NA	7
10025	1856	17	0	17	3	20
10025	1857	27	0	27	4	31
10025	1858	16	0	16	2	18
10025	1859	4	0	4	1	5
10025	1860	10	0	10	NA	10
10025	1861	20	0	20	NA	20
10025	1862	11	0	11	NA	11
10025	1863	27	0	27	3	30
10025	1864	11	0	11	1	12
10025	1865	12	0	12	NA	12
10025	1866	10	0	10	NA	10
10025	1867	12	0	12	NA	12
10025	1870	0	1	1	NA	0
10025	1872	0	2	2	NA	0
10025	1873	0	2	2	NA	0
10025	1878	16	0	16	NA	16
10025	1880	0	1	1	NA	0
10025	1881	0	3	3	NA	0
10025	1882	0	1	1	NA	0
10025	1883	0	1	1	NA	0
10025	1884	0	3	3	NA	0
10025	1885	0	4	4	NA	0
10025	1886	0	3	3	NA	0
10025	1888	0	5	5	NA	0
10025	1889	41	8	49	NA	41
10025	1890	0	3	3	NA	0
10025	1891	0	2	2	NA	0
10025	1893	0	8	8	NA	0
10025	1894	0	5	5	NA	0
10025	1895	0	1	1	NA	0
10025	1896	0	1	1	NA	0
10025	1897	0	3	3	NA	0
10025	1898	0	2	2	NA	0
10025	1899	0	3	3	NA	0
10025	1902	77	0	77	NA	77
10025	1911	161	0	161	NA	161
10047	1911	2	0	2	NA	2
10051	1857	1	0	1	NA	1
10051	1895	0	1	1	NA	0
10059	1902	1	0	1	NA	1
10059	1911	1	0	1	NA	1
11015	1889	2	0	2	NA	2
11015	1896	0	3	3	NA	0
11015	1902	16	0	16	NA	16
11015	1911	21	0	21	NA	21
11016	1911	2	0	2	NA	2
11027	1889	1	0	1	NA	1
11027	1902	1	0	1	NA	1
12006	1902	1	0	1	NA	1
12022	1911	1	0	1	NA	1
12026	1861	1	0	1	NA	1
12026	1864	1	0	1	NA	1
12026	1886	0	1	1	NA	0
12026	1902	4	0	4	NA	4
12026	1911	2	0	2	NA	2
12035	1911	1	0	1	NA	1
12042	1911	3	0	3	NA	3
12070	1886	0	1	1	NA	0
12070	1902	2	0	2	NA	2
12070	1911	2	0	2	NA	2
12076	1865	1	0	1	NA	1
12076	1911	1	0	1	NA	1
12083	1902	1	0	1	NA	1
12087	1911	1	0	1	NA	1
12090	1911	1	0	1	NA	1
12092	1911	1	0	1	NA	1
12108	1867	1	0	1	NA	1
12114	1911	2	0	2	NA	2
12119	1911	4	0	4	NA	4
12120	1902	1	0	1	NA	1
12123	1911	1	0	1	NA	1
12133	1885	0	1	1	NA	0
12133	1889	1	0	1	NA	1
12133	1902	3	0	3	NA	3
12133	1911	4	0	4	NA	4
13013	1886	0	1	1	NA	0
13013	1902	1	0	1	NA	1
13017	1902	1	0	1	NA	1
13020	1911	1	0	1	NA	1
13021	1889	1	0	1	NA	1
13041	1911	1	0	1	NA	1
13052	1902	1	0	1	NA	1
13075	1863	1	0	1	NA	1
13075	1865	1	0	1	NA	1
13075	1866	1	0	1	NA	1
13075	1867	1	0	1	NA	1
13075	1878	3	0	3	NA	3
13075	1889	3	0	3	NA	3
13075	1895	0	1	1	NA	0
13075	1897	0	1	1	NA	0
13075	1902	3	0	3	NA	3
13075	1911	5	0	5	NA	5
13086	1911	1	0	1	NA	1
13103	1889	1	0	1	NA	1
13112	1896	0	1	1	NA	0
13112	1902	1	0	1	NA	1
13113	1891	0	1	1	NA	0
13124	1861	2	0	2	NA	2
13124	1865	2	0	2	NA	2
13124	1878	1	0	1	NA	1
13124	1889	3	0	3	NA	3
13124	1902	1	0	1	NA	1
13124	1911	4	0	4	NA	4
13144	1889	1	0	1	NA	1
13145	1911	1	0	1	NA	1
13168	1862	1	0	1	NA	1
13181	1911	1	0	1	NA	1
13189	1911	1	0	1	NA	1
13208	1897	0	1	1	NA	0
13208	1911	2	0	2	NA	2
13234	1911	1	0	1	NA	1
13237	1867	1	0	1	NA	1
14018	1858	1	0	1	NA	1
14018	1864	1	0	1	NA	1
15006	1902	1	0	1	NA	1
15021	1889	1	0	1	NA	1
15023	1911	1	0	1	NA	1
15027	1896	0	1	1	NA	0
15034	1911	1	0	1	NA	1
15043	1902	1	0	1	NA	1
15048	1911	2	0	2	NA	2
15054	1892	0	1	1	NA	0
15054	1902	1	0	1	NA	1
15059	1862	1	0	1	NA	1
15062	1902	1	0	1	NA	1
15079	1902	1	0	1	NA	1
15079	1911	1	0	1	NA	1
15093	1911	1	0	1	NA	1
15100	1902	1	0	1	NA	1
15100	1911	2	0	2	NA	2
15118	1889	4	0	4	NA	4
15118	1902	2	0	2	NA	2
15118	1911	11	0	11	NA	11
15126	1891	0	1	1	NA	0
15129	1902	1	0	1	NA	1
15140	1902	1	0	1	NA	1
15140	1911	1	0	1	NA	1
15146	1847	0	1	1	NA	0
15146	1855	3	0	3	14	17
15146	1856	6	0	6	16	22
15146	1857	3	0	3	30	33
15146	1858	5	0	5	21	26
15146	1859	6	0	6	9	15
15146	1860	17	0	17	1	18
15146	1861	19	0	19	NA	19
15146	1862	18	0	18	NA	18
15146	1863	19	0	19	NA	19
15146	1864	15	0	15	4	19
15146	1865	14	0	14	NA	14
15146	1866	9	0	9	NA	9
15146	1867	23	0	23	NA	23
15146	1868	0	1	1	1	1
15146	1871	0	1	1	NA	0
15146	1872	0	3	3	NA	0
15146	1873	0	3	3	NA	0
15146	1875	0	1	1	NA	0
15146	1878	42	2	44	NA	42
15146	1879	0	2	2	NA	0
15146	1880	0	5	5	NA	0
15146	1881	0	5	5	NA	0
15146	1882	0	4	4	NA	0
15146	1883	0	2	2	NA	0
15146	1884	0	2	2	NA	0
15146	1885	0	1	1	NA	0
15146	1886	0	3	3	NA	0
15146	1887	0	3	3	NA	0
15146	1888	0	5	5	NA	0
15146	1889	116	12	128	NA	116
15146	1890	0	4	4	NA	0
15146	1891	0	3	3	NA	0
15146	1892	0	6	6	NA	0
15146	1893	0	11	11	NA	0
15146	1894	0	12	12	NA	0
15146	1895	0	10	10	NA	0
15146	1896	0	16	16	NA	0
15146	1897	0	10	10	NA	0
15146	1898	0	9	9	NA	0
15146	1899	0	2	2	NA	0
15146	1902	227	0	227	NA	227
15146	1911	452	0	452	NA	452
15149	1855	1	0	1	NA	1
15149	1860	2	0	2	NA	2
15149	1889	2	0	2	NA	2
15149	1891	0	1	1	NA	0
15149	1894	0	2	2	NA	0
15149	1902	4	0	4	NA	4
15149	1911	12	0	12	NA	12
15151	1911	1	0	1	NA	1
15182	1911	2	0	2	NA	2
15198	1902	3	0	3	NA	3
15201	1911	1	0	1	NA	1
15204	1911	1	0	1	NA	1
15209	1911	6	0	6	NA	6
15210	1896	0	1	1	NA	0
15210	1902	1	0	1	NA	1
15223	1892	0	1	1	NA	0
15241	1911	1	0	1	NA	1
16004	1889	0	1	1	NA	0
16004	1895	0	1	1	NA	0
16008	1902	1	0	1	NA	1
16024	1855	2	0	2	NA	2
16024	1857	1	0	1	1	2
16024	1858	1	0	1	NA	1
16024	1859	1	0	1	1	2
16024	1860	1	0	1	NA	1
16024	1862	1	0	1	NA	1
16024	1863	4	0	4	NA	4
16024	1866	0	1	1	1	1
16024	1867	1	0	1	NA	1
16024	1872	0	1	1	NA	0
16024	1878	3	0	3	NA	3
16024	1891	0	1	1	NA	0
16024	1902	7	0	7	NA	7
16024	1911	3	0	3	NA	3
16035	1878	1	0	1	NA	1
16077	1860	1	0	1	NA	1
16133	1867	1	0	1	NA	1
16168	1902	1	0	1	NA	1
16170	1911	1	0	1	NA	1
16192	1911	1	0	1	NA	1
16218	1865	1	0	1	NA	1
16219	1902	1	0	1	NA	1
17003	1855	2	0	2	NA	2
17003	1856	1	0	1	NA	1
17003	1859	1	0	1	NA	1
17020	1902	1	0	1	NA	1
17029	1864	1	0	1	NA	1
17029	1867	2	0	2	NA	2
17029	1878	3	0	3	NA	3
17029	1888	0	1	1	NA	0
17029	1889	3	0	3	NA	3
17029	1902	11	0	11	NA	11
17029	1911	21	0	21	NA	21
17067	1889	1	0	1	NA	1
17106	1902	2	0	2	NA	2
17133	1867	1	0	1	NA	1
17133	1889	2	0	2	NA	2
17143	1889	1	0	1	NA	1
17161	1889	1	0	1	NA	1
17168	1911	2	0	2	NA	2
17173	1878	1	0	1	NA	1
17173	1911	1	0	1	NA	1
17187	1911	1	0	1	NA	1
17199	1889	1	0	1	NA	1
18013	1889	1	0	1	NA	1
18027	1889	1	0	1	NA	1
18032	1865	1	0	1	NA	1
18073	1902	1	0	1	NA	1
18110	1861	1	0	1	NA	1
18110	1862	1	0	1	NA	1
18110	1865	1	0	1	NA	1
18110	1867	1	0	1	NA	1
18110	1878	1	0	1	NA	1
18110	1889	3	0	3	NA	3
18110	1896	0	1	1	NA	0
18110	1898	0	1	1	NA	0
18110	1902	2	0	2	NA	2
18110	1911	5	0	5	NA	5
18112	1911	1	0	1	NA	1
18139	1878	1	0	1	NA	1
18168	1911	1	0	1	NA	1
18176	1902	1	0	1	NA	1
18176	1911	1	0	1	NA	1
18177	1878	1	0	1	NA	1
18177	1911	1	0	1	NA	1
18182	1867	1	0	1	NA	1
18182	1889	1	0	1	NA	1
18182	1902	1	0	1	NA	1
18182	1911	2	0	2	NA	2
19025	1896	0	1	1	NA	0
19035	1878	1	0	1	NA	1
19035	1902	1	0	1	NA	1
19035	1911	1	0	1	NA	1
19036	1865	1	0	1	NA	1
19036	1869	0	1	1	NA	0
19036	1878	1	0	1	NA	1
19036	1879	0	1	1	NA	0
19036	1889	2	0	2	NA	2
19036	1902	4	0	4	NA	4
19036	1911	3	0	3	NA	3
19054	1911	1	0	1	NA	1
19071	1889	2	0	2	NA	2
19076	1911	1	0	1	NA	1
19098	1902	2	0	2	NA	2
19112	1911	1	0	1	NA	1
20030	1859	1	0	1	1	2
20030	1889	3	0	3	NA	3
20030	1892	0	1	1	NA	0
20030	1896	0	1	1	NA	0
20030	1898	0	1	1	NA	0
20030	1902	6	0	6	NA	6
20030	1911	4	0	4	NA	4
20031	1902	2	0	2	NA	2
20038	1889	2	0	2	NA	2
20038	1911	1	0	1	NA	1
20052	1856	1	0	1	NA	1
20065	1897	0	1	1	NA	0
20065	1911	2	0	2	NA	2
21008	1864	0	1	1	1	1
21008	1871	0	2	2	NA	0
21008	1877	0	2	2	NA	0
21008	1878	0	1	1	NA	0
21008	1888	0	3	3	NA	0
21008	1889	0	3	3	NA	0
21008	1891	0	1	1	NA	0
21008	1895	0	1	1	NA	0
21008	1897	0	1	1	NA	0
21008	1898	0	1	1	NA	0
21011	1880	0	2	2	NA	0
21013	1885	0	1	1	NA	0
21020	1888	0	1	1	NA	0
21051	1879	0	1	1	NA	0
21051	1880	0	2	2	NA	0
21051	1881	0	1	1	NA	0
21051	1882	0	1	1	NA	0
21051	1889	0	1	1	NA	0
21051	1893	0	1	1	NA	0
21051	1894	0	4	4	NA	0
21051	1895	0	1	1	NA	0
21051	1896	0	1	1	NA	0
21051	1897	0	1	1	NA	0
21051	1898	0	1	1	NA	0
21051	1899	0	1	1	NA	0
21065	1894	0	1	1	NA	0
22014	1872	0	1	1	NA	0
22014	1880	0	1	1	NA	0
22050	1895	0	1	1	NA	0
22064	1879	0	1	1	NA	0
22153	1886	0	1	1	NA	0
22153	1893	0	1	1	NA	0
22205	1867	0	2	2	2	2
22205	1876	0	1	1	NA	0
22205	1882	0	1	1	NA	0
22205	1888	0	2	2	NA	0
22205	1892	0	1	1	NA	0
22205	1894	0	1	1	NA	0
22205	1897	0	1	1	NA	0
23006	1911	1	0	1	NA	1
23025	1911	1	0	1	NA	1
23027	1911	1	0	1	NA	1
23034	1874	0	1	1	NA	0
23051	1911	1	0	1	NA	1
23064	1911	1	0	1	NA	1
23091	1870	0	1	1	NA	0
23091	1878	4	0	4	NA	4
23091	1880	0	1	1	NA	0
23091	1883	0	1	1	NA	0
23091	1886	0	1	1	NA	0
23091	1889	3	0	3	NA	3
23091	1891	0	1	1	NA	0
23091	1895	0	1	1	NA	0
23091	1897	0	2	2	NA	0
23091	1902	7	0	7	NA	7
23091	1911	9	0	9	NA	9
23095	1902	1	0	1	NA	1
23098	1889	2	0	2	NA	2
23098	1902	1	0	1	NA	1
23098	1911	2	0	2	NA	2
24004	1878	1	0	1	NA	1
24008	1911	1	0	1	NA	1
24012	1911	1	0	1	NA	1
24014	1902	1	0	1	NA	1
24014	1911	3	0	3	NA	3
24052	1911	3	0	3	NA	3
24055	1889	1	0	1	NA	1
24055	1911	1	0	1	NA	1
24057	1898	0	1	1	NA	0
24057	1911	1	0	1	NA	1
24060	1883	0	1	1	NA	0
24088	1911	1	0	1	NA	1
24100	1891	0	1	1	NA	0
24100	1896	0	1	1	NA	0
24100	1897	0	1	1	NA	0
24100	1898	0	1	1	NA	0
24100	1902	1	0	1	NA	1
24116	1858	1	0	1	1	2
24116	1867	1	0	1	NA	1
24116	1889	1	0	1	NA	1
24116	1902	6	0	6	NA	6
24116	1911	6	0	6	NA	6
24118	1889	1	0	1	NA	1
24118	1891	0	1	1	NA	0
25001	1911	1	0	1	NA	1
25005	1892	0	1	1	NA	0
25006	1889	1	0	1	NA	1
25015	1911	1	0	1	NA	1
26012	1902	1	0	1	NA	1
26021	1882	0	1	1	NA	0
26021	1888	0	1	1	NA	0
26021	1889	2	0	2	NA	2
26026	1889	1	0	1	NA	1
26030	1902	1	0	1	NA	1
26086	1865	0	1	1	1	1
26086	1867	1	0	1	NA	1
26086	1873	0	1	1	NA	0
26086	1884	0	1	1	NA	0
26086	1889	1	0	1	NA	1
26086	1891	0	1	1	NA	0
26086	1911	2	0	2	NA	2
26092	1889	0	1	1	NA	0
27012	1889	1	0	1	NA	1
27016	1911	4	0	4	NA	4
27023	1864	0	1	1	NA	0
27023	1886	0	1	1	NA	0
27024	1888	0	1	1	NA	0
27042	1859	0	1	1	3	3
27042	1861	2	2	4	2	4
27042	1864	0	2	2	11	11
27042	1865	0	1	1	4	4
27042	1867	10	0	10	NA	10
27042	1873	0	1	1	NA	0
27042	1874	0	2	2	NA	0
27042	1878	3	1	4	NA	3
27042	1880	0	1	1	NA	0
27042	1881	0	1	1	NA	0
27042	1888	0	1	1	NA	0
27042	1889	4	1	5	NA	4
27042	1890	0	4	4	NA	0
27042	1891	0	1	1	NA	0
27042	1892	0	1	1	NA	0
27042	1895	0	1	1	NA	0
27042	1896	0	1	1	NA	0
27042	1897	0	1	1	NA	0
27042	1898	0	1	1	NA	0
27042	1902	13	0	13	NA	13
27042	1911	26	0	26	NA	26
28017	1902	1	0	1	NA	1
28037	1902	2	0	2	NA	2
28045	1889	1	0	1	NA	1
28045	1894	0	1	1	NA	0
28045	1895	0	1	1	NA	0
28046	1869	0	1	1	NA	0
28052	1911	1	0	1	NA	1
28054	1891	0	1	1	NA	0
28056	1911	1	0	1	NA	1
28060	1866	1	0	1	1	2
28060	1867	1	1	2	1	2
28060	1888	0	1	1	NA	0
28060	1889	5	1	6	NA	5
28060	1893	0	1	1	NA	0
28060	1897	0	1	1	NA	0
28060	1898	0	3	3	NA	0
28060	1899	0	1	1	NA	0
28060	1902	19	0	19	NA	19
28060	1911	9	0	9	NA	9
28063	1902	1	0	1	NA	1
28068	1911	1	0	1	NA	1
28099	1902	1	0	1	NA	1
29029	1911	2	0	2	NA	2
29033	1911	1	0	1	NA	1
30023	1874	0	1	1	NA	0
30023	1881	0	1	1	NA	0
30023	1882	0	2	2	NA	0
30023	1884	0	1	1	NA	0
30023	1888	0	1	1	NA	0
30027	1902	1	0	1	NA	1
30027	1911	1	0	1	NA	1
30037	1902	2	0	2	NA	2
30049	1866	0	1	1	NA	0
30049	1892	0	1	1	NA	0
30049	1893	0	1	1	NA	0
30049	1894	0	1	1	NA	0
30054	1879	0	2	2	NA	0
30117	1885	0	1	1	NA	0
30129	1889	3	0	3	NA	3
30129	1892	0	1	1	NA	0
30129	1902	3	0	3	NA	3
30129	1911	2	0	2	NA	2
31007	1875	0	1	1	NA	0
31007	1877	0	1	1	NA	0
31007	1879	0	1	1	NA	0
31007	1882	0	2	2	NA	0
31007	1883	0	1	1	NA	0
31007	1885	0	1	1	NA	0
31007	1887	0	1	1	NA	0
31007	1888	0	2	2	NA	0
31007	1889	0	2	2	NA	0
31007	1890	0	2	2	NA	0
31007	1891	0	3	3	NA	0
31007	1893	0	1	1	NA	0
31007	1894	0	1	1	NA	0
31007	1895	0	1	1	NA	0
31007	1897	0	4	4	NA	0
31007	1898	0	2	2	NA	0
31007	1899	0	1	1	NA	0
31008	1875	0	1	1	NA	0
31012	1889	0	2	2	NA	0
31017	1894	0	4	4	NA	0
32001	1869	0	2	2	NA	0
32001	1870	0	1	1	NA	0
32001	1875	0	3	3	NA	0
32001	1899	0	1	1	NA	0
32004	1880	0	1	1	NA	0
32004	1897	0	1	1	NA	0
32006	1858	1	2	3	9	10
32006	1859	1	0	1	5	6
32006	1860	2	0	2	6	8
32006	1861	2	0	2	6	8
32006	1864	0	2	2	3	3
32006	1865	0	2	2	5	5
32006	1866	0	2	2	5	5
32006	1867	0	2	2	4	4
32006	1868	0	5	5	5	5
32006	1869	0	2	2	NA	0
32006	1870	0	6	6	NA	0
32006	1871	0	5	5	NA	0
32006	1872	0	8	8	NA	0
32006	1873	0	8	8	NA	0
32006	1874	0	11	11	NA	0
32006	1875	0	7	7	NA	0
32006	1876	0	5	5	NA	0
32006	1877	0	9	9	NA	0
32006	1878	0	7	7	NA	0
32006	1879	0	6	6	NA	0
32006	1880	0	5	5	NA	0
32006	1881	0	5	5	NA	0
32006	1882	0	4	4	NA	0
32006	1883	0	10	10	NA	0
32006	1884	0	5	5	NA	0
32006	1885	0	3	3	NA	0
32006	1886	0	2	2	NA	0
32006	1887	0	8	8	NA	0
32006	1888	0	5	5	NA	0
32006	1889	0	5	5	NA	0
32006	1890	0	4	4	NA	0
32006	1891	0	4	4	NA	0
32006	1892	0	8	8	NA	0
32006	1893	0	5	5	NA	0
32006	1894	0	11	11	NA	0
32006	1895	0	9	9	NA	0
32006	1896	0	19	19	NA	0
32006	1897	0	15	15	NA	0
32006	1898	0	12	12	NA	0
32006	1899	0	7	7	NA	0
33032	1878	3	0	3	NA	3
33032	1889	3	0	3	NA	3
33032	1902	1	0	1	NA	1
33032	1911	4	0	4	NA	4
34002	1911	1	0	1	NA	1
34006	1867	2	0	2	NA	2
34007	1889	1	0	1	NA	1
34009	1911	1	0	1	NA	1
34017	1911	1	0	1	NA	1
34027	1861	1	0	1	NA	1
34027	1862	2	0	2	NA	2
34027	1867	1	0	1	NA	1
34027	1889	2	0	2	NA	2
34027	1897	0	1	1	NA	0
34027	1902	6	0	6	NA	6
34027	1911	13	0	13	NA	13
34032	1889	1	0	1	NA	1
34032	1902	1	0	1	NA	1
35006	1902	1	0	1	NA	1
35011	1911	1	0	1	NA	1
35029	1911	1	0	1	NA	1
35033	1861	1	0	1	NA	1
35033	1865	2	0	2	NA	2
35033	1878	2	0	2	NA	2
35033	1902	2	0	2	NA	2
35033	1911	1	0	1	NA	1
35036	1911	1	0	1	NA	1
36005	1889	1	0	1	NA	1
36012	1911	1	0	1	NA	1
36015	1902	1	0	1	NA	1
36022	1911	1	0	1	NA	1
36023	1859	1	0	1	NA	1
36023	1867	1	0	1	NA	1
36023	1878	1	0	1	NA	1
36023	1889	2	0	2	NA	2
36023	1902	1	0	1	NA	1
36023	1911	5	0	5	NA	5
37006	1858	1	0	1	NA	1
37006	1860	1	0	1	NA	1
37006	1861	1	0	1	NA	1
37006	1862	4	0	4	NA	4
37006	1864	1	0	1	NA	1
37006	1865	3	0	3	NA	3
37006	1866	3	0	3	NA	3
37006	1867	5	0	5	NA	5
37006	1876	0	1	1	NA	0
37006	1878	11	0	11	NA	11
37006	1879	0	1	1	NA	0
37006	1880	0	1	1	NA	0
37006	1881	0	1	1	NA	0
37006	1883	0	2	2	NA	0
37006	1889	17	0	17	NA	17
37006	1891	0	1	1	NA	0
37006	1893	0	1	1	NA	0
37006	1895	0	3	3	NA	0
37006	1896	0	3	3	NA	0
37006	1897	0	3	3	NA	0
37006	1898	0	1	1	NA	0
37006	1899	0	1	1	NA	0
37006	1902	19	0	19	NA	19
37006	1911	30	0	30	NA	30
37011	1911	1	0	1	NA	1
37019	1902	1	0	1	NA	1
37019	1911	1	0	1	NA	1
37030	1902	1	0	1	NA	1
37032	1877	0	1	1	NA	0
37032	1886	0	1	1	NA	0
37032	1889	1	0	1	NA	1
37035	1902	1	0	1	NA	1
37038	1902	1	0	1	NA	1
37038	1911	1	0	1	NA	1
37043	1911	1	0	1	NA	1
37053	1867	1	0	1	NA	1
37060	1911	1	0	1	NA	1
38004	1865	2	0	2	NA	2
38004	1911	1	0	1	NA	1
38008	1865	0	1	1	NA	0
38008	1867	2	0	2	NA	2
38008	1897	0	1	1	NA	0
38008	1902	1	0	1	NA	1
38008	1911	3	0	3	NA	3
38014	1892	0	1	1	NA	0
38016	1911	1	0	1	NA	1
39002	1911	1	0	1	NA	1
39005	1911	1	0	1	NA	1
39010	1911	3	0	3	NA	3
39014	1902	1	0	1	NA	1
39014	1911	5	0	5	NA	5
39017	1911	1	0	1	NA	1
40007	1866	1	0	1	NA	1
40007	1902	1	0	1	NA	1
40009	1889	1	0	1	NA	1
40010	1864	1	0	1	NA	1
40012	1878	2	0	2	NA	2
40012	1891	0	1	1	NA	0
40012	1894	0	1	1	NA	0
40012	1898	0	1	1	NA	0
40012	1902	1	0	1	NA	1
40012	1911	1	0	1	NA	1
40019	1868	0	1	1	1	1
40035	1902	1	0	1	NA	1
40035	1911	1	0	1	NA	1
41002	1902	1	0	1	NA	1
41015	1858	1	0	1	NA	1
41015	1911	1	0	1	NA	1
41044	1890	0	1	1	NA	0
41067	1878	2	0	2	NA	2
42002	1864	2	0	2	NA	2
42002	1866	1	0	1	NA	1
42002	1867	1	0	1	NA	1
42002	1878	1	0	1	NA	1
42002	1880	0	1	1	NA	0
42002	1887	0	1	1	NA	0
42002	1889	1	0	1	NA	1
42002	1894	0	2	2	NA	0
42002	1902	3	0	3	NA	3
42002	1911	9	0	9	NA	9
42003	1902	1	0	1	NA	1
42004	1911	1	0	1	NA	1
42010	1911	1	0	1	NA	1
42018	1902	1	0	1	NA	1
42021	1902	1	0	1	NA	1
42021	1911	1	0	1	NA	1
42022	1911	1	0	1	NA	1
42035	1882	0	1	1	NA	0
42045	1889	1	0	1	NA	1
43012	1878	1	0	1	NA	1
43013	1889	1	0	1	NA	1
43013	1902	1	0	1	NA	1
43023	1911	1	0	1	NA	1
43042	1902	1	0	1	NA	1
43044	1895	0	1	1	NA	0
43047	1911	1	0	1	NA	1
43053	1867	1	0	1	NA	1
43053	1911	1	0	1	NA	1
43054	1889	1	0	1	NA	1
44023	1911	1	0	1	NA	1
45003	1867	1	0	1	NA	1
45003	1902	1	0	1	NA	1
45003	1911	2	0	2	NA	2
45010	1862	1	0	1	NA	1
45010	1867	1	0	1	NA	1
46002	1911	1	0	1	NA	1
46009	1902	1	0	1	NA	1
46009	1911	1	0	1	NA	1
46013	1902	1	0	1	NA	1
46017	1861	1	0	1	NA	1
46017	1865	1	0	1	NA	1
46017	1878	1	0	1	NA	1
46017	1889	1	0	1	NA	1
46017	1898	0	1	1	NA	0
46017	1902	2	0	2	NA	2
46017	1911	3	0	3	NA	3
46024	1902	1	0	1	NA	1
46028	1878	1	0	1	NA	1
46028	1911	1	0	1	NA	1
46033	1911	1	0	1	NA	1
47011	1889	0	1	1	NA	0
47012	1867	1	0	1	NA	1
47012	1911	1	0	1	NA	1
47014	1862	1	0	1	NA	1
47014	1864	2	0	2	NA	2
47014	1874	0	1	1	NA	0
47014	1889	1	0	1	NA	1
47014	1902	1	0	1	NA	1
47014	1911	2	0	2	NA	2
47020	1911	1	0	1	NA	1
48004	1902	1	0	1	NA	1
48010	1898	0	1	1	NA	0
48012	1911	2	0	2	NA	2
48014	1911	1	0	1	NA	1
48017	1856	1	0	1	NA	1
48017	1857	1	0	1	NA	1
48017	1858	3	0	3	2	5
48017	1860	2	0	2	NA	2
48017	1861	2	0	2	NA	2
48017	1862	1	0	1	NA	1
48017	1863	3	0	3	NA	3
48017	1864	5	0	5	NA	5
48017	1865	13	0	13	NA	13
48017	1866	15	0	15	NA	15
48017	1867	16	2	18	2	18
48017	1869	0	1	1	NA	0
48017	1873	0	2	2	NA	0
48017	1874	0	5	5	NA	0
48017	1875	0	1	1	NA	0
48017	1876	0	2	2	NA	0
48017	1877	0	3	3	NA	0
48017	1878	13	1	14	NA	13
48017	1879	0	1	1	NA	0
48017	1880	0	1	1	NA	0
48017	1883	0	2	2	NA	0
48017	1884	0	2	2	NA	0
48017	1885	0	2	2	NA	0
48017	1889	12	1	13	NA	12
48017	1890	0	1	1	NA	0
48017	1891	0	1	1	NA	0
48017	1892	0	4	4	NA	0
48017	1893	0	2	2	NA	0
48017	1895	0	4	4	NA	0
48017	1896	0	3	3	NA	0
48017	1897	0	1	1	NA	0
48017	1898	0	3	3	NA	0
48017	1899	0	1	1	NA	0
48017	1902	39	0	39	NA	39
48017	1911	53	0	53	NA	53
48021	1902	1	0	1	NA	1
48029	1911	1	0	1	NA	1
48033	1902	1	0	1	NA	1
48034	1866	1	0	1	NA	1
48034	1893	0	1	1	NA	0
48036	1911	1	0	1	NA	1
48041	1889	1	0	1	NA	1
48043	1911	1	0	1	NA	1
48044	1890	0	1	1	NA	0
48044	1893	0	1	1	NA	0
48044	1894	0	1	1	NA	0
48044	1895	0	1	1	NA	0
48044	1911	1	0	1	NA	1
49007	1911	1	0	1	NA	1
49009	1857	2	0	2	1	3
49009	1860	1	0	1	NA	1
49009	1861	1	0	1	NA	1
49009	1863	1	0	1	NA	1
49009	1864	1	0	1	NA	1
49009	1865	5	0	5	NA	5
49009	1866	1	0	1	NA	1
49009	1867	0	1	1	1	1
49009	1871	0	1	1	NA	0
49009	1873	0	1	1	NA	0
49009	1878	3	0	3	NA	3
49009	1889	4	1	5	NA	4
49009	1895	0	1	1	NA	0
49009	1902	4	0	4	NA	4
49009	1911	8	0	8	NA	8
49012	1865	1	0	1	NA	1
49012	1867	1	0	1	NA	1
49012	1911	2	0	2	NA	2
49014	1856	1	0	1	NA	1
49014	1892	0	1	1	NA	0
49014	1896	0	1	1	NA	0
49020	1902	1	0	1	NA	1
50008	1889	1	0	1	NA	1
50013	1889	1	0	1	NA	1
50016	1911	1	0	1	NA	1
50024	1911	2	0	2	NA	2
50026	1867	1	0	1	NA	1
50026	1878	1	0	1	NA	1
50026	1879	0	1	1	NA	0
50026	1882	0	1	1	NA	0
50026	1889	3	0	3	NA	3
50026	1894	0	1	1	NA	0
50026	1897	0	1	1	NA	0
50026	1902	3	0	3	NA	3
50026	1911	6	0	6	NA	6
50028	1889	1	0	1	NA	1
50032	1902	1	0	1	NA	1
50036	1884	0	1	1	NA	0
50038	1911	1	0	1	NA	1
50039	1864	1	0	1	NA	1
50039	1911	1	0	1	NA	1
51002	1864	1	0	1	NA	1
51002	1867	1	0	1	NA	1
51002	1878	1	0	1	NA	1
51002	1889	1	0	1	NA	1
51002	1902	1	0	1	NA	1
51002	1911	2	0	2	NA	2
51004	1911	1	0	1	NA	1
51011	1896	0	1	1	NA	0
51026	1911	1	0	1	NA	1
51033	1911	1	0	1	NA	1
52012	1902	1	0	1	NA	1
52015	1902	6	0	6	NA	6
52015	1911	1	0	1	NA	1
52030	1902	1	0	1	NA	1
52032	1865	3	0	3	NA	3
52032	1878	4	0	4	NA	4
52032	1889	3	0	3	NA	3
52032	1902	1	0	1	NA	1
52032	1911	3	0	3	NA	3
53011	1902	2	0	2	NA	2
53011	1911	2	0	2	NA	2
53015	1889	1	0	1	NA	1
53022	1902	1	0	1	NA	1
53023	1902	1	0	1	NA	1
54013	1911	1	0	1	NA	1
54018	1889	1	0	1	NA	1
54018	1902	1	0	1	NA	1
54022	1897	0	1	1	NA	0
54028	1881	0	1	1	NA	0
54028	1892	0	1	1	NA	0
54028	1896	0	1	1	NA	0
54028	1897	0	1	1	NA	0
54035	1878	1	0	1	NA	1
54039	1867	1	0	1	NA	1
54039	1889	1	0	1	NA	1
54039	1902	5	0	5	NA	5
54051	1911	1	0	1	NA	1
55018	1911	1	0	1	NA	1
55022	1911	1	0	1	NA	1
55023	1878	2	0	2	NA	2
55023	1889	1	0	1	NA	1
55032	1893	0	1	1	NA	0
55032	1902	5	0	5	NA	5
55032	1911	3	0	3	NA	3
56036	1856	1	0	1	NA	1
56042	1911	1	0	1	NA	1
56059	1911	1	0	1	NA	1
57059	1902	1	0	1	NA	1
57072	1902	1	0	1	NA	1
58022	1911	1	0	1	NA	1
58032	1889	3	0	3	NA	3
58032	1896	0	1	1	NA	0
58039	1902	1	0	1	NA	1
58043	1878	1	0	1	NA	1
58065	1911	1	0	1	NA	1
58091	1861	2	0	2	NA	2
58091	1863	1	0	1	NA	1
58091	1864	1	0	1	NA	1
58091	1865	3	1	4	NA	3
58091	1866	1	0	1	NA	1
58091	1867	1	0	1	NA	1
58091	1871	0	1	1	NA	0
58091	1872	0	2	2	NA	0
58091	1874	0	1	1	NA	0
58091	1875	0	1	1	NA	0
58091	1876	0	1	1	NA	0
58091	1878	17	0	17	NA	17
58091	1880	0	3	3	NA	0
58091	1881	0	3	3	NA	0
58091	1882	0	2	2	NA	0
58091	1884	0	3	3	NA	0
58091	1885	0	4	4	NA	0
58091	1886	0	3	3	NA	0
58091	1887	0	3	3	NA	0
58091	1888	0	3	3	NA	0
58091	1889	52	2	54	NA	52
58091	1890	0	3	3	NA	0
58091	1891	0	4	4	NA	0
58091	1892	0	4	4	NA	0
58091	1893	0	12	12	NA	0
58091	1894	0	9	9	NA	0
58091	1895	0	5	5	NA	0
58091	1896	0	10	10	NA	0
58091	1897	0	12	12	NA	0
58091	1898	0	9	9	NA	0
58091	1899	0	5	5	NA	0
58091	1902	95	0	95	NA	95
58091	1911	202	0	202	NA	202
58104	1902	2	0	2	NA	2
58111	1911	1	0	1	NA	1
59011	1911	1	0	1	NA	1
59028	1902	1	0	1	NA	1
60036	1902	1	0	1	NA	1
60043	1867	1	0	1	NA	1
60043	1878	2	0	2	NA	2
60043	1902	1	0	1	NA	1
61005	1911	1	0	1	NA	1
61009	1911	1	0	1	NA	1
61015	1911	1	0	1	NA	1
61022	1902	1	0	1	NA	1
61022	1911	4	0	4	NA	4
61049	1902	1	0	1	NA	1
62006	1911	1	0	1	NA	1
62008	1911	1	0	1	NA	1
62023	1867	1	0	1	NA	1
63024	1873	0	1	1	NA	0
63024	1902	1	0	1	NA	1
63043	1864	2	0	2	NA	2
63043	1889	1	0	1	NA	1
63049	1859	1	0	1	NA	1
63049	1862	1	0	1	NA	1
63049	1863	3	0	3	1	4
63049	1864	10	0	10	NA	10
63049	1865	14	0	14	NA	14
63049	1866	11	0	11	NA	11
63049	1867	16	1	17	1	17
63049	1870	0	1	1	NA	0
63049	1873	0	1	1	NA	0
63049	1874	0	1	1	NA	0
63049	1875	0	2	2	NA	0
63049	1876	0	1	1	NA	0
63049	1878	15	0	15	NA	15
63049	1879	0	1	1	NA	0
63049	1880	0	1	1	NA	0
63049	1881	0	1	1	NA	0
63049	1882	0	2	2	NA	0
63049	1884	0	1	1	NA	0
63049	1885	0	1	1	NA	0
63049	1887	0	1	1	NA	0
63049	1888	0	1	1	NA	0
63049	1889	25	0	25	NA	25
63049	1890	0	1	1	NA	0
63049	1892	0	2	2	NA	0
63049	1893	0	2	2	NA	0
63049	1894	0	1	1	NA	0
63049	1895	0	1	1	NA	0
63049	1896	0	3	3	NA	0
63049	1898	0	4	4	NA	0
63049	1899	0	1	1	NA	0
63049	1902	48	0	48	NA	48
63049	1911	54	0	54	NA	54
63058	1889	1	0	1	NA	1
63058	1890	0	1	1	NA	0
63059	1889	1	0	1	NA	1
63071	1878	1	0	1	NA	1
63080	1889	1	0	1	NA	1
63080	1911	5	0	5	NA	5
63083	1878	1	0	1	NA	1
64002	1889	2	0	2	NA	2
64002	1894	0	1	1	NA	0
64009	1889	1	0	1	NA	1
64092	1902	1	0	1	NA	1
65022	1911	1	0	1	NA	1
65094	1889	1	0	1	NA	1
65116	1861	1	0	1	NA	1
65116	1897	0	1	1	NA	0
65116	1902	3	0	3	NA	3
66049	1867	1	0	1	NA	1
66049	1902	1	0	1	NA	1
66049	1911	1	0	1	NA	1
66098	1880	0	1	1	NA	0
66098	1902	1	0	1	NA	1
66098	1911	1	0	1	NA	1
67036	1866	0	1	1	NA	0
67036	1874	0	1	1	NA	0
67036	1877	0	3	3	NA	0
67036	1879	0	1	1	NA	0
67036	1880	0	1	1	NA	0
67036	1881	0	1	1	NA	0
67036	1884	0	1	1	NA	0
67036	1885	0	1	1	NA	0
67036	1887	0	2	2	NA	0
67036	1888	0	2	2	NA	0
67036	1889	0	7	7	NA	0
67036	1890	0	3	3	NA	0
67036	1892	0	3	3	NA	0
67036	1894	0	4	4	NA	0
67036	1895	0	7	7	NA	0
67036	1896	0	4	4	NA	0
67036	1897	0	1	1	NA	0
67036	1898	0	4	4	NA	0
68028	1911	1	0	1	NA	1
69022	1878	1	0	1	NA	1
69022	1889	1	0	1	NA	1
69022	1895	0	1	1	NA	0
69022	1898	0	1	1	NA	0
69022	1911	1	0	1	NA	1
69023	1911	1	0	1	NA	1
70042	1902	1	0	1	NA	1
71028	1878	1	0	1	NA	1
71046	1888	0	1	1	NA	0
71046	1897	0	1	1	NA	0
71047	1911	1	0	1	NA	1
71049	1911	1	0	1	NA	1
71051	1911	2	0	2	NA	2
72006	1889	5	1	6	NA	5
72006	1893	0	1	1	NA	0
72006	1902	8	0	8	NA	8
72006	1911	4	0	4	NA	4
72007	1889	0	1	1	NA	0
72007	1902	1	0	1	NA	1
72011	1911	1	0	1	NA	1
72020	1911	1	0	1	NA	1
72024	1911	1	0	1	NA	1
72025	1911	1	0	1	NA	1
73027	1878	1	0	1	NA	1
73027	1902	1	0	1	NA	1
73027	1911	5	0	5	NA	5
74001	1865	1	0	1	NA	1
74001	1867	1	0	1	NA	1
74001	1869	0	1	1	NA	0
74007	1865	1	0	1	NA	1
75035	1902	1	0	1	NA	1
75039	1889	1	0	1	NA	1
76042	1902	1	0	1	NA	1
76048	1911	1	0	1	NA	1
76059	1889	1	0	1	NA	1
76063	1878	1	0	1	NA	1
77014	1911	1	0	1	NA	1
77020	1911	1	0	1	NA	1
79013	1911	1	0	1	NA	1
79023	1889	1	0	1	NA	1
79076	1911	1	0	1	NA	1
80025	1902	1	0	1	NA	1
80034	1864	1	0	1	NA	1
80057	1911	1	0	1	NA	1
80063	1888	0	1	1	NA	0
80063	1889	1	0	1	NA	1
80063	1895	0	1	1	NA	0
80063	1911	1	0	1	NA	1
80088	1911	1	0	1	NA	1
81012	1878	1	0	1	NA	1
81012	1911	1	0	1	NA	1
81019	1866	1	0	1	NA	1
81021	1911	2	0	2	NA	2
82030	1911	1	0	1	NA	1
82031	1867	1	0	1	NA	1
82051	1878	1	0	1	NA	1
82053	1864	3	0	3	NA	3
82053	1867	1	0	1	NA	1
82053	1878	5	1	6	NA	5
82053	1880	0	1	1	NA	0
82053	1886	0	1	1	NA	0
82053	1889	8	0	8	NA	8
82053	1902	10	0	10	NA	10
82053	1911	13	0	13	NA	13
82056	1867	1	0	1	NA	1
83048	1862	1	0	1	NA	1
83048	1864	2	0	2	NA	2
83048	1865	1	0	1	NA	1
83048	1867	1	0	1	NA	1
83048	1875	0	1	1	NA	0
83048	1878	2	0	2	NA	2
83048	1889	3	0	3	NA	3
83048	1902	2	0	2	NA	2
83048	1911	3	0	3	NA	3
83066	1911	1	0	1	NA	1
83081	1911	1	0	1	NA	1
84001	1889	3	0	3	NA	3
84001	1902	1	0	1	NA	1
84012	1878	1	0	1	NA	1
84012	1902	1	0	1	NA	1
84018	1889	1	0	1	NA	1
84028	1911	1	0	1	NA	1
84029	1878	1	0	1	NA	1
84041	1889	1	0	1	NA	1
85004	1866	1	0	1	NA	1
85004	1878	1	0	1	NA	1
85004	1889	1	0	1	NA	1
85004	1911	4	0	4	NA	4
87004	1889	1	0	1	NA	1
87004	1902	1	0	1	NA	1
87006	1873	0	1	1	NA	0
87011	1889	1	0	1	NA	1
87015	1889	4	0	4	NA	4
87015	1902	9	0	9	NA	9
87015	1911	3	0	3	NA	3
87023	1902	2	0	2	NA	2
88003	1902	2	0	2	NA	2
88009	1895	0	1	1	NA	0
89001	1886	0	1	1	NA	0
89013	1911	1	0	1	NA	1
89017	1897	0	1	1	NA	0
90003	1857	2	0	2	NA	2
90035	1889	1	0	1	NA	1
90035	1891	0	1	1	NA	0
90064	1911	1	0	1	NA	1
91009	1894	0	1	1	NA	0
92009	1858	1	0	1	NA	1
92009	1862	1	0	1	NA	1
92009	1878	1	0	1	NA	1
92009	1893	0	1	1	NA	0
92009	1899	0	1	1	NA	0
92009	1902	2	0	2	NA	2
92013	1893	0	1	1	NA	0
92033	1887	0	1	1	NA	0
92033	1888	0	1	1	NA	0
92050	1876	0	1	1	NA	0
92050	1882	0	1	1	NA	0
93033	1898	0	1	1	NA	0
93034	1889	1	0	1	NA	1
93037	1911	1	0	1	NA	1
94030	1902	1	0	1	NA	1
95038	1855	1	0	1	NA	1
1272	1853	NA	NA	NA	1	1
1272	1854	NA	NA	NA	1	1
2156	1856	NA	NA	NA	1	1
3165	1864	NA	NA	NA	1	1
6160	1863	NA	NA	NA	1	1
7053	1860	NA	NA	NA	1	1
10025	1854	NA	NA	NA	2	2
10025	1868	NA	NA	NA	1	1
12026	1858	NA	NA	NA	1	1
13075	1855	NA	NA	NA	1	1
13075	1857	NA	NA	NA	1	1
13124	1857	NA	NA	NA	1	1
13124	1858	NA	NA	NA	1	1
13141	1853	NA	NA	NA	1	1
13141	1854	NA	NA	NA	1	1
14018	1857	NA	NA	NA	1	1
15059	1859	NA	NA	NA	1	1
15118	1863	NA	NA	NA	1	1
15146	1853	NA	NA	NA	11	11
15146	1854	NA	NA	NA	11	11
15149	1854	NA	NA	NA	3	3
15149	1858	NA	NA	NA	1	1
15149	1859	NA	NA	NA	1	1
16024	1853	NA	NA	NA	2	2
16024	1856	NA	NA	NA	1	1
16024	1864	NA	NA	NA	1	1
17029	1856	NA	NA	NA	1	1
17029	1857	NA	NA	NA	1	1
17029	1858	NA	NA	NA	1	1
19036	1855	NA	NA	NA	1	1
19036	1856	NA	NA	NA	1	1
19036	1857	NA	NA	NA	1	1
20030	1854	NA	NA	NA	1	1
20030	1856	NA	NA	NA	2	2
20030	1861	NA	NA	NA	1	1
21011	1854	NA	NA	NA	1	1
21051	1854	NA	NA	NA	1	1
21051	1855	NA	NA	NA	1	1
22205	1854	NA	NA	NA	1	1
22205	1858	NA	NA	NA	2	2
22205	1866	NA	NA	NA	1	1
23091	1856	NA	NA	NA	1	1
23091	1858	NA	NA	NA	1	1
23091	1859	NA	NA	NA	3	3
23091	1863	NA	NA	NA	3	3
23091	1864	NA	NA	NA	1	1
23091	1866	NA	NA	NA	2	2
24116	1856	NA	NA	NA	1	1
24116	1861	NA	NA	NA	1	1
24116	1862	NA	NA	NA	1	1
24116	1863	NA	NA	NA	1	1
25006	1857	NA	NA	NA	1	1
26092	1854	NA	NA	NA	1	1
26092	1856	NA	NA	NA	2	2
27042	1853	NA	NA	NA	1	1
27042	1854	NA	NA	NA	6	6
27042	1855	NA	NA	NA	3	3
27042	1856	NA	NA	NA	4	4
27042	1857	NA	NA	NA	5	5
27042	1858	NA	NA	NA	4	4
27042	1860	NA	NA	NA	1	1
27042	1862	NA	NA	NA	1	1
27042	1863	NA	NA	NA	4	4
28032	1858	NA	NA	NA	1	1
28060	1857	NA	NA	NA	1	1
28060	1858	NA	NA	NA	1	1
30129	1854	NA	NA	NA	2	2
30129	1858	NA	NA	NA	1	1
30129	1863	NA	NA	NA	2	2
30129	1864	NA	NA	NA	1	1
31007	1862	NA	NA	NA	1	1
31007	1863	NA	NA	NA	2	2
31007	1865	NA	NA	NA	1	1
31007	1867	NA	NA	NA	1	1
32006	1853	NA	NA	NA	2	2
32006	1854	NA	NA	NA	3	3
32006	1855	NA	NA	NA	3	3
32006	1856	NA	NA	NA	3	3
32006	1857	NA	NA	NA	2	2
32006	1862	NA	NA	NA	6	6
32006	1863	NA	NA	NA	6	6
36023	1856	NA	NA	NA	1	1
36023	1861	NA	NA	NA	1	1
48017	1855	NA	NA	NA	3	3
49009	1856	NA	NA	NA	1	1
63049	1868	NA	NA	NA	1	1
93044	1853	NA	NA	NA	1	1
93044	1855	NA	NA	NA	1	1
1272	1832	NA	2	NA	NA	0
1272	1840	NA	1	NA	NA	0
1272	1847	NA	1	NA	NA	0
10025	1822	NA	1	NA	NA	0
10025	1824	NA	1	NA	NA	0
10025	1827	NA	1	NA	NA	0
10025	1842	NA	1	NA	NA	0
12076	1822	NA	1	NA	NA	0
13075	1806	NA	1	NA	NA	0
13075	1821	NA	2	NA	NA	0
13075	1822	NA	1	NA	NA	0
13075	1824	NA	2	NA	NA	0
13075	1827	NA	1	NA	NA	0
13075	1832	NA	1	NA	NA	0
13075	1833	NA	1	NA	NA	0
13075	1834	NA	1	NA	NA	0
13075	1835	NA	1	NA	NA	0
13075	1836	NA	2	NA	NA	0
13075	1841	NA	2	NA	NA	0
13075	1842	NA	1	NA	NA	0
13075	1845	NA	1	NA	NA	0
13075	1846	NA	1	NA	NA	0
13075	1847	NA	1	NA	NA	0
13075	1850	NA	1	NA	NA	0
13124	1811	NA	1	NA	NA	0
13124	1817	NA	1	NA	NA	0
13124	1843	NA	2	NA	NA	0
13189	1845	NA	1	NA	NA	0
13229	1847	NA	1	NA	NA	0
13231	1827	NA	1	NA	NA	0
15146	1804	NA	1	NA	NA	0
15146	1808	NA	1	NA	NA	0
15146	1810	NA	1	NA	NA	0
15146	1811	NA	1	NA	NA	0
15146	1816	NA	2	NA	NA	0
15146	1817	NA	3	NA	NA	0
15146	1818	NA	2	NA	NA	0
15146	1820	NA	2	NA	NA	0
15146	1821	NA	11	NA	NA	0
15146	1822	NA	6	NA	NA	0
15146	1823	NA	16	NA	NA	0
15146	1824	NA	21	NA	NA	0
15146	1825	NA	20	NA	NA	0
15146	1826	NA	10	NA	NA	0
15146	1827	NA	5	NA	NA	0
15146	1828	NA	8	NA	NA	0
15146	1829	NA	7	NA	NA	0
15146	1830	NA	10	NA	NA	0
15146	1831	NA	7	NA	NA	0
15146	1832	NA	4	NA	NA	0
15146	1833	NA	4	NA	NA	0
15146	1834	NA	7	NA	NA	0
15146	1835	NA	7	NA	NA	0
15146	1836	NA	13	NA	NA	0
15146	1837	NA	9	NA	NA	0
15146	1838	NA	6	NA	NA	0
15146	1839	NA	13	NA	NA	0
15146	1840	NA	13	NA	NA	0
15146	1841	NA	9	NA	NA	0
15146	1842	NA	15	NA	NA	0
15146	1843	NA	16	NA	NA	0
15146	1844	NA	16	NA	NA	0
15146	1845	NA	18	NA	NA	0
15146	1846	NA	16	NA	NA	0
15146	1847	NA	12	NA	NA	0
15146	1848	NA	1	NA	NA	0
15146	1850	NA	2	NA	NA	0
15149	1826	NA	1	NA	NA	0
15149	1828	NA	1	NA	NA	0
15149	1838	NA	1	NA	NA	0
16008	1844	NA	1	NA	NA	0
16024	1821	NA	2	NA	NA	0
16024	1823	NA	1	NA	NA	0
16024	1826	NA	1	NA	NA	0
16024	1827	NA	1	NA	NA	0
16024	1829	NA	1	NA	NA	0
16024	1830	NA	1	NA	NA	0
16024	1842	NA	1	NA	NA	0
16024	1844	NA	2	NA	NA	0
16024	1846	NA	1	NA	NA	0
17029	1823	NA	4	NA	NA	0
17029	1825	NA	1	NA	NA	0
17029	1826	NA	1	NA	NA	0
17029	1827	NA	1	NA	NA	0
17029	1828	NA	2	NA	NA	0
17029	1829	NA	1	NA	NA	0
17029	1833	NA	1	NA	NA	0
17029	1834	NA	1	NA	NA	0
17029	1836	NA	1	NA	NA	0
17029	1837	NA	1	NA	NA	0
17029	1838	NA	1	NA	NA	0
17029	1840	NA	2	NA	NA	0
17029	1844	NA	1	NA	NA	0
17029	1850	NA	1	NA	NA	0
17078	1823	NA	1	NA	NA	0
17187	1822	NA	1	NA	NA	0
17187	1825	NA	1	NA	NA	0
18110	1814	NA	1	NA	NA	0
18110	1823	NA	1	NA	NA	0
18110	1824	NA	1	NA	NA	0
18110	1827	NA	1	NA	NA	0
18110	1837	NA	1	NA	NA	0
18110	1841	NA	1	NA	NA	0
18110	1844	NA	1	NA	NA	0
18110	1845	NA	2	NA	NA	0
18110	1847	NA	1	NA	NA	0
19036	1813	NA	1	NA	NA	0
19036	1825	NA	2	NA	NA	0
19036	1829	NA	1	NA	NA	0
19036	1834	NA	2	NA	NA	0
19036	1850	NA	1	NA	NA	0
20017	1827	NA	1	NA	NA	0
20030	1828	NA	1	NA	NA	0
20030	1833	NA	1	NA	NA	0
20030	1847	NA	1	NA	NA	0
20038	1846	NA	1	NA	NA	0
21008	1825	NA	1	NA	NA	0
21008	1829	NA	1	NA	NA	0
21008	1836	NA	1	NA	NA	0
21008	1845	NA	1	NA	NA	0
21013	1826	NA	1	NA	NA	0
22141	1827	NA	1	NA	NA	0
22161	1821	NA	1	NA	NA	0
22161	1845	NA	2	NA	NA	0
22205	1847	NA	1	NA	NA	0
23091	1821	NA	1	NA	NA	0
23091	1822	NA	3	NA	NA	0
23091	1823	NA	2	NA	NA	0
23091	1825	NA	2	NA	NA	0
23091	1836	NA	1	NA	NA	0
23091	1838	NA	1	NA	NA	0
23091	1839	NA	1	NA	NA	0
23091	1844	NA	3	NA	NA	0
23091	1845	NA	1	NA	NA	0
24012	1846	NA	1	NA	NA	0
24116	1824	NA	1	NA	NA	0
24116	1825	NA	1	NA	NA	0
24116	1829	NA	1	NA	NA	0
24116	1835	NA	1	NA	NA	0
24116	1847	NA	1	NA	NA	0
25021	1822	NA	1	NA	NA	0
26070	1823	NA	1	NA	NA	0
26086	1844	NA	1	NA	NA	0
27042	1821	NA	3	NA	NA	0
27042	1822	NA	2	NA	NA	0
27042	1823	NA	4	NA	NA	0
27042	1824	NA	4	NA	NA	0
27042	1825	NA	4	NA	NA	0
27042	1826	NA	2	NA	NA	0
27042	1827	NA	1	NA	NA	0
27042	1828	NA	3	NA	NA	0
27042	1829	NA	4	NA	NA	0
27042	1830	NA	3	NA	NA	0
27042	1831	NA	2	NA	NA	0
27042	1833	NA	3	NA	NA	0
27042	1834	NA	5	NA	NA	0
27042	1835	NA	2	NA	NA	0
27042	1836	NA	1	NA	NA	0
27042	1837	NA	6	NA	NA	0
27042	1838	NA	4	NA	NA	0
27042	1839	NA	4	NA	NA	0
27042	1840	NA	8	NA	NA	0
27042	1841	NA	1	NA	NA	0
27042	1842	NA	2	NA	NA	0
27042	1843	NA	6	NA	NA	0
27042	1844	NA	8	NA	NA	0
27042	1845	NA	4	NA	NA	0
27042	1846	NA	6	NA	NA	0
27042	1847	NA	3	NA	NA	0
27042	1850	NA	1	NA	NA	0
28060	1822	NA	1	NA	NA	0
28060	1823	NA	1	NA	NA	0
28060	1826	NA	1	NA	NA	0
28060	1828	NA	1	NA	NA	0
28060	1830	NA	1	NA	NA	0
28060	1831	NA	1	NA	NA	0
28060	1832	NA	1	NA	NA	0
28060	1833	NA	1	NA	NA	0
28060	1835	NA	2	NA	NA	0
28060	1839	NA	1	NA	NA	0
28060	1840	NA	2	NA	NA	0
28060	1843	NA	1	NA	NA	0
28060	1847	NA	2	NA	NA	0
30003	1839	NA	1	NA	NA	0
30129	1821	NA	1	NA	NA	0
30129	1826	NA	1	NA	NA	0
30129	1846	NA	1	NA	NA	0
31007	1827	NA	1	NA	NA	0
31007	1830	NA	1	NA	NA	0
31007	1834	NA	1	NA	NA	0
32006	1822	NA	1	NA	NA	0
32006	1823	NA	1	NA	NA	0
32006	1826	NA	3	NA	NA	0
32006	1827	NA	3	NA	NA	0
32006	1828	NA	4	NA	NA	0
32006	1829	NA	3	NA	NA	0
32006	1830	NA	2	NA	NA	0
32006	1832	NA	1	NA	NA	0
32006	1833	NA	2	NA	NA	0
32006	1835	NA	3	NA	NA	0
32006	1836	NA	2	NA	NA	0
32006	1837	NA	1	NA	NA	0
32006	1838	NA	1	NA	NA	0
32006	1839	NA	3	NA	NA	0
32006	1840	NA	5	NA	NA	0
32006	1841	NA	3	NA	NA	0
32006	1842	NA	3	NA	NA	0
32006	1843	NA	4	NA	NA	0
32006	1844	NA	1	NA	NA	0
32006	1845	NA	1	NA	NA	0
32006	1846	NA	1	NA	NA	0
32006	1847	NA	3	NA	NA	0
32006	1849	NA	1	NA	NA	0
32006	1850	NA	1	NA	NA	0
32006	1851	NA	1	NA	NA	0
33032	1847	NA	1	NA	NA	0
67037	1837	NA	1	NA	NA	0
88009	1828	NA	1	NA	NA	0
93033	1822	NA	1	NA	NA	0
93033	1823	NA	1	NA	NA	0
93041	1845	NA	1	NA	NA	0
